y,x1,x2,x3
-5.95265909637698,-3.34438460261177,-0.157438051416092,0.0203480386931741
-7.20355849816026,-3.36222666713464,0.0434466119012403,0.453394409220213
-9.05565326787039,-3.37887414853231,0.200999333268538,0.789217078927763
-7.04277058953526,-3.39432113203392,0.268690325700578,0.534443012401903
-5.62542962737644,-3.40856212939978,0.116652431980799,0.389374161453542
-1.16248789924484,-3.42159208087133,0.142548920465491,-0.299083352958454
1.76901555116536,-3.43340635696887,-0.068654741952609,-0.99502770886999
4.08637363154584,-3.44400076013634,-0.488753484468003,-1.11018573545359
1.1503865140068,-3.45337152623275,-0.465054111466475,-0.98169886209439
-0.417427896511661,-3.46151532586953,-0.766377652742036,-1.01721215030749
-3.89792543505891,-3.46842926559344,-0.639794397282046,-0.378988652028781
-3.19642996628449,-3.47411088891462,-0.663780013055972,-0.332947770704535
-7.04463305702117,-3.47855817717935,-0.618453595497568,-0.168085961983704
-7.65152254710596,-3.4817695502873,-0.876134607784224,-0.128867047908815
-6.05461120769149,-3.48374386725289,-0.909628440261494,-0.430230269630152
-3.33823376245838,-3.48448042661071,-0.975176214776996,-0.51387803788216
-4.0103498838533,-3.48397896666471,-1.04806737243668,-0.586671177229329
1.64112061149788,-3.48223966558123,-0.889702566470703,-1.17538386636926
-1.56390802651673,-3.47926314132567,-1.11662673620887,-1.10641426523809
0.652825580758721,-3.47505045144292,-1.37034133164358,-1.17709452691626
-3.88588472527383,-3.46960309268163,-1.90705160381209,-1.00827959786219
0.375861358057184,-3.46292300046244,-1.85169556188939,-1.62309650482689
3.32302876964713,-3.4550125481903,-1.79493331980475,-2.03251237784116
-1.46481906456687,-3.44587454641123,-1.96109679003379,-1.55525275665698
-1.33169952585115,-3.43551224181377,-2.11620551384223,-1.58320353791665
-1.41223338820522,-3.42392931607539,-2.50225704927176,-1.84620746873584
0.531859556145935,-3.41112988455444,-2.21644595978403,-2.04963046715985
-3.94549697064354,-3.39711849482802,-2.30474862352992,-1.49406766602917
-2.59498459099666,-3.38190012507616,-2.28689788812323,-1.41194360726805
-2.14279216614097,-3.36548018231318,-2.43138490238349,-1.63079553043012
-2.01814746009419,-3.34786450046655,-2.20834795281221,-1.51721792908027
-4.49149678593887,-3.32905933830416,-2.71778442465633,-1.55282741100965
-5.40145924596726,-3.30907137721058,-2.53303961197019,-1.39896158071467
-6.45208089834905,-3.28790771881321,-2.96637612077248,-1.19959152380551
-8.1084251245922,-3.26557588245911,-3.35952212760178,-1.44489564372136
-8.48709188613349,-3.24208380254339,-3.45867178545576,-1.43530827691308
-8.66380789179231,-3.2174398256902,-3.85453252295167,-1.39231821608547
-10.7501377103488,-3.19165270778716,-3.53935139486755,-1.35174635074008
-8.69426818810866,-3.16473161087447,-3.99336704053633,-1.44546660954377
-8.85978394295219,-3.13668609988968,-3.8022286006175,-1.36961019139893
-10.8029940434361,-3.1075261392693,-3.59879617227078,-1.19546672221676
-13.0267150348367,-3.07726208940849,-4.04729674054692,-1.17973113292118
-11.2373498044626,-3.04590470298006,-3.60613291916007,-1.11112238405942
-11.3196896976294,-3.0134651211141,-4.01636640729739,-1.26857439055084
-9.82432292427286,-2.97995486943957,-4.20658547155572,-1.29465195003782
-5.57736046135026,-2.94538585398934,-3.57743978020609,-1.87914613341594
-4.03558654793175,-2.90977035696999,-3.1156681678927,-1.63325313940601
-7.7217772164995,-2.87312103239802,-3.54060043130101,-1.1831945529663
-10.0044934467201,-2.83545090160395,-3.44665500970649,-0.851252376968285
-8.97387969398927,-2.79677334860587,-3.63622954113188,-0.987620797889807
-12.4722938069914,-2.7571021153542,-3.52710698973984,-0.651596651039619
-9.33990403366808,-2.71645129684921,-3.15597205035182,-0.707081942966049
-9.93039344508048,-2.67483533613315,-2.95574963242715,-0.39739098996221
-12.333024708121,-2.63226901915871,-3.03694873109867,-0.441091849266202
-14.4992356980275,-2.58876746953562,-3.06888497650164,-0.262820382617055
-11.9373001379662,-2.54434614315733,-2.92487287152314,-0.139779628354984
-5.42504933925084,-2.49902082270957,-2.65243904059288,-0.796637821497776
-8.33070260984588,-2.45280761206289,-2.43991789656404,-0.629060345865464
-4.05932234688343,-2.40572293055098,-2.17923185178082,-0.819685673351547
-4.86600233023423,-2.35778350713698,-2.28604896133948,-0.768699646972098
-2.71561294210784,-2.30900637446975,-1.9703713075519,-1.00719194715266
-5.7733472516701,-2.25940886283229,-2.02165305753637,-0.459376320294024
-7.66897443613538,-2.2090085939843,-1.9823654812894,-0.305577638637268
-6.81980105534641,-2.15782347490132,-2.35018417214086,-0.582218845965388
-5.46915654073031,-2.10587169141244,-1.93564417093247,-0.384116533163154
-5.26842330665413,-2.05317170173896,-1.68193762376361,-0.279620363152018
-9.77277161319914,-1.99974222993627,-1.99832583269152,0.00523385558352234
-9.72571906471116,-1.9456022592413,-2.39312627985586,-0.246471115409499
-6.29014703937363,-1.89077102532783,-1.99275799745197,-0.468204655538363
-1.30659842643511,-1.83526800947219,-1.95516861413119,-0.785937887229028
-1.47308231444607,-1.77911293163163,-2.33828716255338,-0.980135297472973
-1.24603768193132,-1.72232574343792,-2.01689620538112,-0.722597658165023
-7.16934798786789,-1.66492662110862,-1.9739470007923,-0.18047267578388
-9.84577022046629,-1.60693595827858,-1.81231688357609,0.216789302387545
-7.83611893856436,-1.54837435875419,-1.91455953539086,-0.0402005517087205
-7.15533782617925,-1.48926262919289,-2.13386077116824,-0.240125195773768
-5.75799550948524,-1.42962177171075,-1.9472390983603,-0.304974560369779
-2.38374746681602,-1.36947297642043,-1.84900427346467,-0.457935246641339
-5.13696697829363,-1.30883761390249,-1.49534956504551,-0.118393164818629
-4.63074233323092,-1.24773722761252,-1.78504482995669,-0.315465179382125
-4.20073367312587,-1.18619352622682,-1.29028969530905,-0.196981320405192
-2.87893339394637,-1.12422837592946,-1.0538462913168,-0.254165039456769
-3.01397141771884,-1.06186379264328,-0.810519243515892,-0.0559758903572897
-2.12710734597221,-0.999121934207757,-1.2969556631927,-0.158076583204854
-2.92343196114883,-0.936025092506451,-1.01286682094291,0.0171954806061465
-0.67887422659033,-0.872595685546771,-0.584398021696891,-0.237468826373281
1.37072199529268,-0.808856249494981,-0.933198464004359,-0.470516862497126
2.90973739879938,-0.744829430669212,-0.346423777512182,-0.603165986485607
4.34221870942066,-0.68053797749332,-0.257506822443362,-0.637742287713153
1.6350762874403,-0.616004732414484,-0.658584163853739,-0.321976393681814
2.6039880740459,-0.551252623787403,-0.388227358691911,-0.24586631451961
3.11121388723677,-0.486304657727945,-0.168122425701765,-0.190493271607599
4.03433814056142,-0.42118390993919,0.10465919899838,-0.0823145861332457
4.63231927097062,-0.355913517512753,-0.515951458904937,-0.462675242736091
2.57722073588191,-0.290516670708269,-0.677738877071501,-0.499871081760169
2.65457869064574,-0.225016604714008,-0.524844218372417,-0.318223349487459
4.28930897078871,-0.159436591391538,-0.317404807582371,-0.450562745526681
5.89287532034543,-0.0937999310073237,-0.719095990891171,-0.659459539153221
5.26253779601584,-0.0281299439542584,-0.613759353931716,-0.479718717036583
5.01315381921259,0.0375500375339467,-0.698812986260148,-0.628514907040685
5.78808714865524,0.103216677672615,-0.652869167936,-0.660519653808487
4.57752197235414,0.168846645417188,-0.786136771988829,-0.760831233823629
0.743484096276298,0.234416622752624,-1.16286466844134,-0.477529045044647
1.71821594352848,0.299903312978198,-0.937878370621928,-0.174329937533046
0.861654034763024,0.3652834489847,-1.43536903114063,-0.253483428764092
2.12923428946291,0.430533801521114,-1.35579518009541,-0.613747505599649
2.44071122521539,0.495631187447885,-1.52753304305894,-0.478775075167545
1.23935068375864,0.560552477973766,-1.42082154221505,-0.577592854532758
0.211552385941717,0.625274606873356,-1.27143672911829,-0.138195055287478
0.612432148369152,0.689774578682443,-1.28763856550292,0.0858303090153883
2.95821408236269,0.75402947686817,-1.04722026840687,-0.168765926655103
2.94134498574835,0.818016471971164,-1.06818276447803,-0.330188213400137
5.91878424679277,0.881712829716747,-0.777373969966451,-0.567301173422627
1.6861774834746,0.945095919092316,-0.882284046586712,-0.285896444949946
4.42557776735908,1.00814322038801,-1.45142182936338,-0.629656706361419
0.609543850588531,1.0708323331979,-1.55182829194725,-0.388483228740684
2.18486636740651,1.1331409843787,-2.07574621864762,-0.812286821158495
8.21433065355334,1.19504703596333,-1.37228505434619,-1.05854461160692
6.07286761978637,1.25652849302644,-1.51783533393777,-0.949376703839019
10.3780870737248,1.31756351149909,-1.4536169535161,-1.29225944998401
2.78381377268063,1.37813040592983,-2.04444746867114,-0.945589187422651
3.8304283244541,1.43820765718948,-1.95114832168122,-0.64267552804583
6.14458621619174,1.49777392011673,-1.28224940283716,-0.886815263835448
10.2068200916948,1.55680803110198,-1.14817757310789,-0.94924460482213
6.05578298020238,1.61528901560672,-1.70253878317279,-0.906987040983747
4.55950352345208,1.67319609561559,-1.88395904148049,-0.842128235929077
9.45341348304871,1.73050869701881,-1.66924021282457,-1.29437335106109
11.4397111940866,1.78720645692201,-1.41247605861841,-1.7615459282548
12.3750454276808,1.84326923088105,-1.53608485515584,-1.75695654667728
15.6699973795499,1.89867710005931,-1.10929653608271,-1.77263639586341
19.4518269831302,1.95341037830469,-1.27167007332453,-2.50213986560573
19.2963642269737,2.00744961914405,-1.54627719266533,-2.612455686209
18.4946642063184,2.06077562269244,-1.80752906319896,-2.65944999591459
19.1830745694496,2.11336944247471,-1.58581699712551,-2.78868401446893
18.9511050041211,2.16521239215713,-1.8361228845525,-2.68981163286947
17.4753037121862,2.21628605218653,-1.88697189384503,-2.5959800737121
16.560111588608,2.2665722763347,-2.03340883480849,-2.32464544748985
16.6281019154755,2.31605319814563,-1.78486804435399,-2.32279979635151
15.2913276575475,2.36471123728343,-2.05565928047357,-2.16832208357299
14.4358574713511,2.41252910577847,-2.03178202694975,-2.31017202580177
17.9634932063576,2.45948981416977,-2.15896907540166,-2.80137945653031
20.9518980976905,2.50557667754124,-1.38247891925533,-2.58950118377416
23.8634703036527,2.55077332144978,-0.981108315685212,-2.89231210070735
25.5484854575522,2.59506368774303,-0.553657525617454,-2.87537041584716
21.4864713500489,2.63843204026471,-0.589589414098766,-2.22268602703877
19.6523773566993,2.6808629704457,-0.724239808012925,-1.72972581745159
16.0435692249454,2.72234140277853,-0.537424646570232,-1.39686277815534
15.8536733781979,2.76285260017371,-0.957167360372129,-1.68291552278118
13.8630044319239,2.80238216919569,-1.05802796283588,-1.51243007464055
12.6526056306043,2.84091606517684,-1.47547963274049,-1.42716242380461
11.8765566179277,2.87844059720738,-1.46756009618588,-1.20600204037025
10.9206430387304,2.91494243299976,-1.13959773223512,-0.955674718516439
15.3524749746175,2.95040860362555,-1.08098246850582,-1.43151821035439
15.2121681474961,2.98482650812319,-1.07681850459013,-1.43015468941347
14.4243448949821,3.01818391797509,-1.42611292063305,-1.47831580412544
10.3609791213157,3.05046898145238,-1.79412938800665,-0.953724311373889
11.7579901825195,3.08167022782572,-1.84174712925354,-1.31580775072181
13.1098465915741,3.11177657144085,-1.70295341955737,-1.60928643746742
15.4952573292438,3.14077731565725,-1.42921441719644,-1.74167527978213
12.3043014436478,3.16866215664857,-1.31406878691267,-1.52438737093222
16.3124248552918,3.19542118706359,-0.863350791955693,-1.43655885044307
16.628882404776,3.22104489954623,-0.768169172553864,-1.35208414838422
15.4092720354827,3.24552419011344,-0.864317160097905,-1.16470735293396
16.8559470866257,3.26885036138985,-0.411323992817089,-1.28101096801329
14.8506887026608,3.29101512569787,-0.322782312916393,-1.02590713654651
19.3909639195435,3.31201060800229,0.291016312472349,-1.30311921212547
23.1136247394727,3.33182934870822,0.801257480828492,-1.19304766052899
19.2608358752863,3.35046430631145,0.16655954354654,-1.23341258169549
18.6303327615851,3.36790885990028,0.017995754454124,-1.14125004239697
15.9093077868364,3.38415681150788,-0.648943851576635,-1.10501100628309
14.2426360532738,3.39920238831442,-0.965467487225721,-1.22501498206037
20.0093205897947,3.41304024469809,-0.750376891160224,-1.99285367893417
23.7401279574777,3.42566546413441,-0.828055212873013,-2.13641649307164
22.9524902180732,3.43707356094304,-0.587781402089823,-2.27083870102134
21.039261805133,3.4472604818815,-0.84183025512325,-2.2683332177957
24.1856485603238,3.45622260758528,-0.694241247417764,-2.55911874008666
26.7166282771988,3.46395675385379,-0.766874462995445,-2.76512306554678
28.0878544437577,3.47046017278171,-0.854075543241428,-2.97786973404375
27.5902347499371,3.47573055373523,-0.547959565474896,-2.96605935266645
27.5036230366363,3.47976602417312,-0.83280528978797,-2.88965536394526
26.8154706247892,3.48256515031194,-0.979811047070381,-2.92601681370157
27.1568162146719,3.48412693763549,-0.487177093383237,-2.64105522192132
28.2899475082714,3.48445083124819,0.113291120883123,-2.37694247621246
31.5399882625944,3.48353671607216,0.420050738661692,-2.82920407281856
29.4754786792248,3.48138491688819,0.29061569562881,-2.42748248323699
25.2238459262368,3.47799619822027,-0.466970341323586,-2.42360296897893
21.5789284232274,3.47337176406401,-0.813345692403002,-2.25312083864945
21.2535345136841,3.46751325745885,-0.991511568469213,-2.15729918117978
20.3631380347236,3.46042275990429,-1.00901965664161,-2.47415811867706
20.7893537073636,3.45210279062035,-1.09268072489507,-2.36712047259941
19.3948913763137,3.44255630565249,-1.4026798153144,-2.13256638964311
24.8700582360279,3.43178669682137,-0.672406094958808,-2.51559155710224
22.66161268608,3.41979779051773,-1.13491173197686,-2.29382831568628
21.0255394104912,3.40659384634289,-0.713848477801932,-2.19718560878895
23.8570330114396,3.39217955559535,-0.270106382389746,-2.08701723113737
24.2234169975851,3.37656003960396,-0.0159312123050275,-1.91467615733797
19.2967777094453,3.35974084790839,-0.542602101605956,-1.85475296161655
17.2923509731951,3.34172795628736,-0.624464201238807,-1.26020859204141
12.5397268401089,3.3225277646355,-0.751314126626274,-0.947118765939792
17.6307750688438,3.30214709468947,-0.611895990312535,-1.49359744213393
16.9495771236638,3.28059318760425,-0.264232236760568,-1.22414178296471
16.4015941715311,3.25787370138042,-0.6009001785813,-1.22253803816654
19.6116919890959,3.23399670814323,-0.151919737923712,-1.57171769349871
25.3098386822271,3.2089706912747,0.262304606664171,-2.10669881589394
19.7694560244227,3.18280454239945,-0.19353067426692,-1.83161498982951
23.1558147397056,3.15550755822558,-0.0639961104469872,-2.08273856931749
21.5724027924053,3.1270894372416,-0.433840101393225,-1.91421679413087
20.8400110428702,3.09756027627057,-0.133024601643145,-1.73652248113207
21.9173256067525,3.06693056688279,0.0234064024805855,-1.65979355836991
18.8746135272482,3.03521119166814,-0.0940090263189126,-1.39095161963593
16.8039787211632,3.0024134203696,-0.174762962615026,-1.18377829142632
18.0947092680529,2.96854890587916,-0.392392366165778,-1.60902127580173
15.0073654650888,2.93362968009755,-0.828047028219346,-1.38374341904051
11.3850222927689,2.89766814965943,-1.1437866532102,-1.05549121859956
14.98219177048,2.86067709152533,-1.2771821953532,-1.38608389772564
12.8607083642149,2.82266964844206,-0.61679194168145,-1.27745350807973
16.3436470458943,2.78365932427316,-1.03032508087481,-1.58276086139454
16.9082130859788,2.74365997920108,-0.760884400845733,-1.79739358739786
17.009193484969,2.70268582480265,-1.11178912568079,-1.73808469887993
15.3040323804787,2.66075141899982,-1.15363470236647,-1.52750574895577
13.2785724409528,2.6178716608873,-1.15469536907019,-1.48963278035999
16.4697192260676,2.57406178543898,-1.50309106585318,-1.59434158058556
11.9835111263969,2.52933735809499,-1.94852751808464,-1.73973492570108
12.3169568803251,2.4837142692314,-1.82995763434512,-1.62380874019376
13.9633912950486,2.43720872851446,-1.42899257970757,-1.57725770248487
11.7600128991655,2.38983725914133,-1.53496054934249,-1.54055795522957
17.7211456704193,2.34161669196952,-1.18134108186715,-1.85022542020702
15.3312155490129,2.29256415953694,-1.16341890591456,-1.61230788069658
12.7267147111754,2.24269708997479,-1.04924119797647,-1.02705519863385
6.95962947071819,2.19203320081544,-1.20424255182248,-0.668498044237829
3.93778608674405,2.14059049269746,-1.92268911103883,-0.727090145001547
7.82305015614687,2.08838724297011,-1.97131247533006,-1.14381211626559
9.09901649435121,2.03544199919943,-2.17815462443612,-1.33733827445212
8.99324608384861,1.98177357257842,-2.14108396823416,-1.36451016777857
6.5858930151076,1.92740103124354,-2.05981081659151,-1.09530664665831
6.88544104841713,1.8723436934998,-2.16990213692242,-1.25969775071252
4.8369478233522,1.81662112095714,-2.33624062918338,-1.13964990553429
5.41745841570915,1.76025311158026,-2.20308138197573,-1.1036933125539
5.44813938523638,1.70325969265449,-2.39622505557185,-1.12947144570263
3.76529774499336,1.64566111367019,-2.36242783724578,-0.978002763480023
7.00116553996571,1.58747783912822,-2.1900306221763,-1.29944102311383
5.26659085212933,1.52873054126897,-2.28609995430217,-1.31078824721606
5.88975544863157,1.46944009272764,-2.09589873469264,-1.41964183893034
8.96280414557458,1.40962755911826,-2.16980882128725,-1.74421154654068
8.28393952703818,1.34931419154925,-2.24575974203508,-1.45980583765528
7.70010779476243,1.28852141907289,-1.94008267656126,-1.25798788948187
6.62155295910454,1.22727084107178,-1.80405015436289,-1.17945608214529
3.56603034716947,1.16558421958465,-1.99003766669775,-0.827935603017991
-0.230412391587635,1.10348347157436,-1.8641084009012,-0.178063209299115
-3.90517785307819,1.04099066114097,-1.86360146618702,0.19889570724642
-6.80310539647979,0.978127991682495,-1.98392111676341,0.462867274657087
-8.15845769906504,0.914917798006039,-2.22876620985304,0.571228824062248
-4.1580063434139,0.85138253839244,-2.35034756769772,0.10913167426413
-3.97029257749428,0.787544786616916,-2.22565137204535,0.0474279088192137
-2.66077899403033,0.723427223928694,-2.58141871927293,-0.351930665341922
-2.41470180798578,0.659052630992481,-2.48635508854974,-0.537640417702271
-1.64460908880663,0.594443879794647,-2.38437119036631,-0.348117358621793
-7.05426430257305,0.529623925516836,-2.27412464032654,0.173217136172292
-1.29416252241342,0.464615798380143,-2.09358769062956,-0.58440520876322
2.14732738494465,0.399442595462621,-2.00900975221224,-0.941524053399861
-2.53570717293449,0.334127472492925,-2.67521626001153,-0.860469920900639
-5.79686550888344,0.268693635623233,-2.51183857295861,-0.136854928353917
-0.421940425041759,0.20316433318422,-2.25142250038795,-0.778996692075288
0.0949144822069203,0.137562847425024,-1.68129364668791,-0.78605311286833
-0.116933607235948,0.0719124862411477,-2.13482041956783,-0.818495133991646
-0.0778160958310572,0.00623657489334187,-1.70287378631946,-0.365999741402376
-3.56256566156104,-0.0594415522798274,-1.88296334442367,-0.277488389355871
0.0511966842877225,-0.125098560152516,-1.88412592941738,-0.465891388222059
-1.09047360920466,-0.190711121102454,-2.26339505680666,-0.898885715715643
0.0526826714720872,-0.256255923299151,-2.48901688868101,-1.12155399950198
-2.4339826636979,-0.321709678986505,-2.40379109173873,-0.727287299630725
-4.36137149231456,-0.387049132756762,-2.63134149668224,-0.513324333209303
-7.14060155359174,-0.452251069813131,-3.15489152895692,-0.611291499322398
-2.24020611170557,-0.517292324217847,-2.89472727438827,-1.09615736228028
-5.70807073322544,-0.582149787122918,-3.05378193801948,-0.693848069129752
-2.84100361215248,-0.646800414980593,-2.83689822305226,-0.84042066738552
-8.42388299937045,-0.711221237730653,-3.2160595429842,-0.662212611316252
-7.23034634612734,-0.7753893669615,-3.1957671584045,-0.471047245467404
-9.43874918834888,-0.839282004042374,-2.95077404357823,-0.179976288667688
-9.90496733993018,-0.902876448223557,-3.33980983821196,-0.19359445618099
-15.2488185516556,-0.966150104701839,-3.26124345783839,0.424532845431165
-16.20835598066,-1.02908049264835,-3.38703457138377,0.447023820887337
-21.0747789354223,-1.09164525319592,-3.77481440841036,0.711204745532316
-15.9863710746969,-1.15382215738303,-3.52214047571655,0.713733314128916
-12.7143998828791,-1.21558911405167,-2.6963434017823,0.251373993276557
-9.54310070395552,-1.27692417769627,-2.91842479891079,0.0235554713242741
-9.34505399448735,-1.33780555626076,-2.58937722693641,-0.0900549157623239
-11.0288564558998,-1.39821161888122,-2.64702815303221,0.0732268396493253
-8.14574832110558,-1.45812090357125,-2.6149505912684,-0.20621518439784
-8.91527059841397,-1.51751212484725,-2.51365671996802,-0.193557744821439
-12.1551115156084,-1.5763641812911,-2.56986703052498,0.198547774677099
-13.2894576052437,-1.63465616304739,-2.95671533934148,0.0653619611453684
-10.1206098038006,-1.69236735925256,-2.7886651787013,-0.00159580776732985
-11.4379667425948,-1.74947726539339,-2.66374527964539,-0.00977183032326977
-16.6078125978294,-1.80596559059217,-2.63796163198541,0.438262801991406
-16.3781430653595,-1.86181226481593,-2.51441077917224,0.877528928281718
-17.7505622824579,-1.91699744600723,-2.72413379591738,0.850075122266784
-15.5666820887764,-1.97150152713399,-2.60438036936002,0.460829927388802
-13.499942094369,-2.02530514315569,-2.09614299042484,0.647849246717312
-14.8865482824943,-2.07838917790375,-1.6068814921101,1.01502881488846
-14.8364321036306,-2.1307347708734,-1.73279905395949,0.705374201089837
-10.6986546843096,-2.18232332392471,-1.66363353755182,0.342361117520157
-11.3734597155284,-2.23313650789041,-1.73768983021047,0.375262294584576
-11.1758297101835,-2.28315626908821,-1.6571247534813,0.381147079183971
-11.4108667681267,-2.33236483573511,-1.42703493061122,0.444697831227008
-7.94747456116011,-2.38074472426171,-1.40761419650242,0.181942938353844
-9.93903323867515,-2.42827874552398,-1.49515754975451,0.336150471265568
-8.68509149403299,-2.47495001091049,-1.01365933019279,0.303798073685963
-8.41676622666954,-2.5207419383429,-1.47032019260047,0.187477384990577
-14.1555105413549,-2.56563825816742,-1.7694520018658,0.635480528820549
-19.5946155536346,-2.60962301893541,-1.70951404792232,1.41436954690281
-17.9829431558855,-2.6526805930708,-1.41410711688709,1.47621579670585
-21.1009499441831,-2.69479568242252,-1.52899912283947,1.48199894964999
-18.8851033756305,-2.73595332369986,-1.53556825289644,1.3474641613986
-19.0611468362625,-2.77613889378886,-1.80760350859495,1.13960848829935
-15.3425142415861,-2.8153381149478,-2.03385237049488,0.62897188785676
-13.9785989039672,-2.85353705988008,-1.9151718450861,0.582189183865946
-14.9944883460419,-2.89072215668242,-1.72178261930019,0.697206543165357
-15.0922398207411,-2.92688019366702,-1.79433346955249,0.495335694615933
-13.4038304058346,-2.96199832405549,-1.79249964903029,0.491369405846832
-12.0627583435497,-2.99606407054332,-1.58888191548232,0.409592598220003
-11.0793706020644,-3.02906532973301,-1.33092923365574,0.264661872320548
-12.8790157079971,-3.0609903764343,-1.30515001900918,0.446578238522402
-4.35920491051921,-3.0918278678301,-1.18263355068795,-0.344215953735883
-9.92850499467327,-3.12156684750657,-1.59929633254007,-0.0504647553898587
-13.9382357586728,-3.15019674934583,-1.99098629055323,0.390510575868952
-13.5031892883514,-3.17770740128007,-2.006246127141,0.262007277150345
-14.1421823196062,-3.20408902890567,-1.75007449055585,0.550286635874171
-10.2361922403478,-3.22933225895596,-1.14692282897544,0.368236554556041
-10.9238968968472,-3.25342812263147,-1.3506675543274,0.218280954737726
-9.45309137644913,-3.2763680587866,-1.21575312034594,-0.00856203510401267
-6.59965965397635,-3.29814391697126,-1.20704468995625,-0.205338906217796
-0.0725688637468833,-3.31874796032672,-0.908589372683097,-0.761126703757984
-2.51689844464365,-3.33817286833448,-0.861923858516685,-0.7065539119149
-4.57795678606166,-3.35641173941723,-0.258709279687091,-0.092952936135646
-2.01838878029543,-3.37345809339092,0.042044130937915,-0.133756632723244
-2.72837731113402,-3.38930587376714,-0.0540479069661506,-0.121137612354358
-7.48386576369127,-3.40394944990499,-0.120697058555888,0.17472467551977
-8.22508410818475,-3.4173836190116,-0.2939908100356,0.487361796794573
-7.77714292680976,-3.42960360799065,-0.303572964677972,0.307535069607951
-4.70874767563711,-3.44060507513824,0.0524265094441471,0.110964518565276
-9.39507806098765,-3.45038411168549,-0.227685277537648,0.557582816074766
-7.78628656047675,-3.45893724318726,0.0730989762833459,0.632881762735667
-7.52874975345311,-3.46626143075666,0.304518693820805,0.466484175869119
-10.2386233098232,-3.47235407214473,0.0687330241248529,0.982199678408002
-11.5363873700199,-3.477213002665,0.322560845659016,1.28152505316058
-11.3039183678587,-3.48083649596257,0.579555637375456,1.46410954045526
-10.8025454786284,-3.48322326462754,1.14572514007176,1.59009048357047
-8.4128326323054,-3.48437246065237,0.982716740826447,1.37029691164988
-12.1566532573664,-3.48428367573318,0.534023108864707,1.4057537406216
-14.8991011403233,-3.48295694141483,0.211900979060769,1.48760967437411
-12.5269356653935,-3.48039272907971,0.37431199167959,1.54025741566662
-11.8406291475698,-3.47659194978024,0.697585029995394,1.46629320586504
-13.2702993372251,-3.47155595391522,1.22811185973262,1.66558574207901
-12.1550285609589,-3.46528653075,0.85181205392189,1.85388804172001
-12.0042746050754,-3.45778590778077,1.1822809813473,1.76194778946988
-13.798826580494,-3.44905674994317,1.44754069620187,2.05595232941613
-9.57195936728566,-3.4391021586654,1.29459727993231,1.72630805703643
-10.9133446295669,-3.42792567076635,1.26796927863728,1.56791012995544
-6.94745525673069,-3.41553125719894,1.9896532393615,1.49747304111213
-6.80492325516441,-3.40192332163931,1.76858332639563,1.65660717693206
-7.20735049009663,-3.38710669892216,1.940094465588,1.5623545912615
-8.59881861582729,-3.37108665332299,1.80387047227367,1.74508459400471
-10.6006111844497,-3.35386887668773,1.62610409348054,1.85897279293481
-9.22603384216113,-3.33545948641041,2.16858118084531,1.78877703949303
-8.13445185206302,-3.31586502325976,2.18579938409026,1.74933335127209
-6.2935459853487,-3.29509244905523,2.29698583552582,1.94636980376632
-8.47214944420833,-3.27314914419352,2.01317647523818,1.8271404085253
-8.79383591318912,-3.25004290502637,2.11758840906542,2.00516154401216
-8.97362918991076,-3.22578194109052,1.69169529571372,1.87166693710393
-17.1715134215944,-3.20037487219094,1.28961871608572,2.51248136138817
-14.4579757470619,-3.17383072533824,1.34447060791091,2.33584063467585
-14.7195170835287,-3.1461589315414,1.17158839862197,2.28831113539601
-12.0799222414409,-3.11736932245698,1.44842094644581,2.13259827384717
-14.7547114244657,-3.08747212689602,1.21387415853875,2.43063596450351
-12.1161287060956,-3.05647796718973,1.5186516416323,2.08870485884903
-13.5720824011505,-3.02439785541548,1.46046693327404,2.27150269375929
-11.6993322189423,-2.99124318948423,1.26331442306125,1.76066416738393
-12.1406936271998,-2.95702574909092,1.14959730772963,1.85682476253763
-6.25800651222881,-2.92175769152918,1.6572551867533,1.65714218844789
-10.0809194427096,-2.88545154737193,1.87032578051066,2.1826470195934
-7.6251705907988,-2.84812021601932,2.19992916995926,2.04921199268266
-8.48871777311757,-2.80977696111562,2.6285601645641,2.11953615272782
-4.91186337949073,-2.77043540583672,3.24733878087896,2.07593271534839
-2.64833137825137,-2.73010952804988,3.59180082505187,1.88551245594576
1.96477996059919,-2.68881365534746,3.69686166563057,1.61515588200165
1.78046008320367,-2.6465624599564,3.58815488117492,1.40456099433005
1.46245822214287,-2.60337095352524,3.95312061842231,1.72944513952474
0.427885682570189,-2.55925448179055,3.50955627626214,1.63894378737399
-0.611149165168785,-2.51422871912467,3.7628990650092,1.77592362740577
2.39638503215449,-2.46830966296669,4.14654748871699,1.82063205847011
1.19153794451311,-2.42151362813859,4.14102773842702,1.92958397031447
1.9559668558332,-2.37385724104875,4.01984619002272,1.81402085576985
1.55180633107489,-2.32535743378456,3.6796294146543,1.80564434992394
-1.01899491179111,-2.27603143809661,3.54625838085977,1.89942945721521
-1.08901256590427,-2.2258967792763,3.08454605035346,1.91212655160394
-4.76526738293928,-2.17497126992918,3.10535370813785,1.91253194025253
-0.499683493997041,-2.12327300364624,2.85849172543654,1.58420598542157
-3.42945666751295,-2.07082034857531,3.12979699142223,1.85383240093569
-5.44255011680719,-2.017631940895,2.83318509813351,2.08856825685692
-2.74584842507897,-1.96372667819327,2.76650454847437,1.53719470258986
-1.1518824506663,-1.9091237127533,3.03787601805011,1.82888689339771
-4.04909883959002,-1.85384244474871,2.86033696138263,1.95168676789834
-5.12581429892753,-1.79790251535079,2.68028565530653,2.14182709033435
0.060408726931557,-1.74132379975008,3.07909881461998,1.67066475335092
-1.2027151074465,-1.68412640009485,3.09180586677388,1.67447575998456
2.25493800969978,-1.62633063834882,4.07128907759745,1.88388836514666
8.93081877587849,-1.56795704907097,4.05370233878378,1.31229199049481
7.62316773771164,-1.50902637211959,3.93704375325505,0.965498454292539
9.56008008093038,-1.4495595452836,4.12888662482994,1.1153646619654
9.82366773746994,-1.38957769684342,4.32934668062244,1.00878030003108
11.5162088439495,-1.32910213806418,4.45255048522632,1.08027478549413
13.2441578506232,-1.26815435562397,4.5100228099535,0.836069282531424
12.4138531336868,-1.20675600397967,4.60370680920197,1.07367554028987
15.5616000525614,-1.14492889767328,4.74236729785885,0.667804348071972
15.5884487990123,-1.08269500358125,4.96729006233109,0.50975057093378
17.7037307947938,-1.02007643310983,5.16168593597936,0.490226993432985
18.40141349664,-0.957095434338944,5.60480348546654,0.71409127974893
18.5129483726386,-0.89377438411756,5.61128104369359,0.76797653465873
15.9306313070555,-0.830135780113301,5.37489190861275,0.924893652954155
15.6018668514981,-0.766202232819168,5.26425495311463,0.891532933082588
9.2781966144398,-0.701996457520071,5.20579508558511,1.80407762919855
8.8525793750547,-0.637541266222262,4.73244611047743,1.53850526381978
10.5886120374565,-0.572859559548286,4.6191373813457,1.3504679276947
8.39573274691473,-0.507974318600547,4.86884511961687,1.51841051694215
11.245795663061,-0.442908596796177,4.66401539193943,1.47361128839418
10.8439630585532,-0.377685511676339,5.12003983756343,1.60522554379436
7.67672142810817,-0.312328236692585,5.21290816004727,2.0070096576258
6.17685082327723,-0.246859992973533,4.68727421768682,2.42094870516137
6.98997768491285,-0.181304041074431,4.85081670824235,2.22256144937813
8.75296188893961,-0.115683672712836,4.8006056386671,2.0996298048782
8.29914930157851,-0.0500222024931551,4.99012062155255,2.20928162120369
3.20458389364091,0.0156570403768727,4.65861232785916,2.4907827261171
4.14352041835215,0.0813307203750074,4.90981547090513,2.63276029047946
1.82650479422609,0.146975503955471,4.92557580503494,2.99031147214463
-1.76808460525337,0.212568067839208,4.91363948755407,3.5441160291925
-0.176134749218694,0.278085107300622,4.75350346262465,3.31956626228853
-0.641853338757654,0.343503344447535,5.06282856840239,3.61819124684739
-2.46167939983227,0.408799536491798,4.77048724476976,3.64184380615395
-4.8837058646354,0.473950484007292,4.56620444740794,4.04637803766743
-6.67427774165575,0.538933039172602,4.57417420697523,4.21360045319586
-5.73072731629579,0.603724113995275,5.14388104772475,4.30558507852529
-6.00887933620266,0.668300688514949,4.96263649487283,4.15481271345904
-8.81260350291995,0.732639818982198,4.64124959667118,4.4293101080783
-11.0843144750828,0.796718646010302,4.47203333644941,4.47316723393976
-7.48914126089319,0.860514402697148,4.70975673634418,4.4330044420042
-8.56384619946548,0.924004422714169,4.78718309416313,4.64394447042336
-13.6927844977049,0.987166148359543,4.47558130192438,5.16575409027049
-11.5135960862158,1.04997713857293,4.24237574338717,4.93251239402705
-11.409819286596,1.11241507690855,4.87744762996345,5.35246249719513
-10.5318054812711,1.17445777946425,5.10465017769976,5.04588375340621
-8.18658693775111,1.23608320276322,5.19949364788606,4.91341072452074
-7.2331039360711,1.29726945158602,5.09054356816207,4.67408630504396
-6.80850700720769,1.35799478674976,5.18518148222554,4.73380362154888
-6.61328612198517,1.41823763283201,5.03329137924179,4.65962282361341
-7.39542657890233,1.47797658583645,5.28208716442033,4.99025863950409
-8.02493453853331,1.53719042079748,5.30818208583451,5.01321694347207
-8.19717678083607,1.59585809932151,4.9379243737976,4.93867343560748
-10.4507484902833,1.65395877706174,4.30880671489341,4.81188443078071
-9.02426320343953,1.71147181112398,4.69010308955097,4.85397922447494
-6.07355273018612,1.76837676740112,4.70839001805912,4.30135225037775
-5.10345271521189,1.82465342783313,4.71760955074716,4.46242534840448
-3.72356059197895,1.88028179759052,4.57260684805644,4.11486470945313
-1.84472913883708,1.93524211217842,4.56395280301676,3.76909823321306
-1.24717655339997,1.98951484445874,4.56198001361899,3.78311206298997
-3.52769234265371,2.04308071158815,4.31186559902234,3.78949135334203
0.160961120989324,2.09592068186909,4.47731249785618,3.60687509093904
1.17201288286917,2.14801598151175,4.9838370621735,3.75309111441413
-2.44240191159416,2.1993481013042,4.7061114686253,4.03217277962671
-3.8399313730546,2.2498988031887,4.68589380579667,4.15844600283179
-3.96659222684635,2.29965012674161,4.80979435488082,4.33545439504783
-6.08375223678659,2.34858439555453,4.46602618733486,4.2515262990129
-7.4298436773745,2.39668422351477,3.97675188207723,4.21370747717039
-8.04169705821411,2.4439325209825,3.70574852416976,4.24117130629737
-4.50694484094458,2.49031250086258,3.6094815187401,3.87775821619305
-4.43496141014379,2.53580768456903,3.74002763633327,4.00622292003325
-4.56272957151411,2.5804019078797,3.01347406870024,3.66649014786663
-4.62824834249905,2.6240793266794,3.24705429165374,3.7300398650083
-7.926968663724,2.66682442258918,2.79959005072321,3.78531655365705
-10.9438536294131,2.70862200848002,2.66138088898093,4.11263170161767
-8.0094019827922,2.74945723386867,2.55790255035269,3.78328403983028
-9.13698166090009,2.78931559019399,2.31165525033307,3.63266939018105
-11.464849353787,2.82818291597177,1.88444459372852,3.92500674470434
-12.3014095437597,2.86604540182623,2.2396947835145,4.194416037338
-8.07040020293489,2.90288959539643,2.26836485024028,3.78985659465897
-8.77245529576903,2.93870240611585,2.57677861041668,3.96457977241107
-10.5391242073779,2.97347110986335,2.71945019605209,4.28543017324473
-12.6959931831,3.00718335348404,2.67327637999307,4.56052568653059
-14.9402522103464,3.0398271591783,2.04864754821602,4.77056942934838
-15.079550755371,3.07139092875741,1.97115337289556,4.6864712816616
-13.5698205251174,3.10186344776431,1.66445212882479,4.34765116680816
-13.1075261879251,3.13123388945812,1.91207454813399,4.26287216656616
-14.3910157170175,3.15949181866074,1.82453482647306,4.36956241400181
-13.1138732350456,3.18662719546448,1.66627958204726,3.92032944672099
-14.0900210072009,3.21263037879918,1.70303304771266,4.05339460458192
-12.5975136641476,3.2374921298576,1.37658583673105,3.98366383900549
-15.4038795769149,3.26120361537799,1.10872460296362,4.13611357464505
-13.9843157528892,3.28375641078244,0.898168548216515,3.7413270923566
-12.3306127736691,3.30514250317014,0.760201107037131,3.63258332450335
-9.82979298472123,3.32535429416428,0.917810877129582,3.25195354045787
-8.27699970513298,3.34438460261177,0.810864243205282,3.03762492898156
-4.81243714150694,3.36222666713464,0.91440471158848,2.48877101727113
-7.63179175934861,3.37887414853231,0.710510238149758,2.99455369404442
-5.78793471735697,3.39432113203392,1.12419357704618,2.62120476110218
-1.39017034511196,3.40856212939978,0.935837496088702,2.12338132617996
0.0316211056416447,3.42159208087133,1.67782952114611,2.21898489603929
1.63452794754849,3.43340635696887,1.51334798240271,2.13876052951779
-2.64288846329065,3.44400076013634,1.49285017561679,2.65980910259874
-1.22496680078794,3.45337152623275,1.60542373253397,2.68990433875696
-3.96030204693271,3.46151532586953,1.8523488705972,3.11690970511915
-12.1908243623587,3.46842926559344,1.72916774376845,4.06075233203292
-14.4237015750918,3.47411088891462,1.07179325441618,4.08152429865807
-10.6665292223355,3.47855817717935,1.6423194102528,3.94640829087141
-12.6225981076483,3.4817695502873,1.9074024038042,4.38064563778724
-16.1790545361116,3.48374386725289,1.71721993257477,4.53717932053169
-12.6889354155243,3.48448042661071,1.5795276981679,4.24658428139283
-17.0058686867855,3.48397896666471,1.16262692422923,4.75316328463627
-20.0836507901007,3.48223966558123,1.19908124379342,5.05615022913559
-19.635384593481,3.47926314132567,1.15989772872726,4.97197196198833
-24.0394788827402,3.47505045144292,1.23338716641147,5.20513324499892
-21.6559677714916,3.46960309268163,1.02260774887616,5.06769084015332
-25.1807184282009,3.46292300046244,0.498445759978837,5.10190608181233
-19.0840040557327,3.4550125481903,0.695657147519406,4.61841528899531
-22.7208579400734,3.44587454641123,0.584905817360441,4.88131378103026
-21.9060962166545,3.43551224181377,0.655443387815324,4.85699951865849
-25.0801306272468,3.42392931607539,0.634978630184731,5.22751175046207
-24.0903879092696,3.41112988455444,0.739830745874833,5.36165860820308
-24.3864617254637,3.39711849482802,0.974255377813587,5.30325711332891
-22.6792831897324,3.38190012507616,0.647247525351925,5.10164472348703
-23.1907986834694,3.36548018231318,1.13180401588964,5.42361392449921
-21.8889433528434,3.34786450046655,1.12195827876197,5.09865355601392
-21.5200628878654,3.32905933830416,0.655195068756843,4.88922557249498
-22.8047499033129,3.30907137721058,1.08185910497988,5.01290506358652
-19.9014724101713,3.28790771881321,1.34105263569363,5.25920711280969
-20.5760356637879,3.26557588245911,1.43330647937937,5.11729452473962
-20.8041901323267,3.24208380254339,1.38442948328016,4.97429137412869
-19.1347436168038,3.2174398256902,1.42956145405769,4.97429213008311
-21.1237936651718,3.19165270778715,1.03766717263426,5.0016484899462
-23.4977819940225,3.16473161087447,0.794321642193636,5.17100108715097
-22.585645715872,3.13668609988968,1.09406294363425,5.30175529190089
-25.2207311433711,3.1075261392693,1.2829658907442,5.55091259950285
-27.7512678092488,3.07726208940849,0.729518673984986,5.85824929702233
-29.9663401430844,3.04590470298006,0.782811147919056,6.01755352479376
-29.2821583710863,3.01346512111409,0.695267076007641,5.83111259371693
-31.040902032978,2.97995486943957,0.788198502947582,6.16419665244104
-34.4448265881843,2.94538585398934,0.839027347713518,6.47279475839738
-35.4529364886864,2.90977035696999,0.937211690950887,6.79620091453807
-32.1959676786758,2.87312103239802,1.56694431164696,6.66572252061847
-33.4053214569443,2.83545090160395,1.12860963619303,6.44418895584648
-30.1339336261579,2.79677334860587,1.45509053257446,6.36937301280234
-30.5354089924765,2.7571021153542,1.83941109671257,6.715787378586
-32.3289382368395,2.71645129684921,1.82197710066631,6.72655256236948
-35.90784006958,2.67483533613315,1.31972180684655,6.97063219379805
-35.0059597572094,2.63226901915871,0.993803142140507,6.86862764899541
-36.6322025875146,2.58876746953562,1.18374162423773,7.07831026203259
-39.0407113123871,2.54434614315732,0.741809750666516,7.09273827783749
-40.9431309159347,2.49902082270957,0.841957554987309,7.39217157509487
-38.8017887864366,2.4528076120629,0.89054033803154,7.04265295604798
-39.8735263070587,2.40572293055098,0.987583176548708,7.51884339120273
-40.6666126343641,2.35778350713698,1.51544438938845,7.64903790660098
-38.4047128275763,2.30900637446975,1.49069844786881,7.55695145248854
-34.8201959275721,2.25940886283229,1.72264764100039,7.10527300168103
-36.6867995811007,2.2090085939843,1.75258674188413,7.22890309494454
-33.8755067358181,2.15782347490133,2.73096538421626,7.43504787340984
-31.8543901035206,2.10587169141245,3.07039090620209,7.32800543398305
-33.2827234233524,2.05317170173896,2.79105078286925,7.3086136305308
-35.2155424089011,1.99974222993628,2.46023503832202,7.57725978624769
-33.7742542343097,1.9456022592413,2.77626298415078,7.54154395052727
-34.0298797490545,1.89077102532783,3.35917917495612,7.69583634685449
-35.0646908451359,1.83526800947219,3.53818277723798,7.99682688459574
-37.8745161695783,1.77911293163163,3.57729384613013,8.48993753849851
-41.1179491830237,1.72232574343792,3.15681407666692,8.7403364109963
-43.0190724327473,1.66492662110862,3.36730320970812,8.84960077377046
-42.4370578242172,1.60693595827858,3.25379050388259,8.60328775015711
-38.713293597111,1.54837435875419,3.28331181370335,8.13075732198112
-35.4083236784952,1.4892626291929,3.53650494411672,8.25079604997799
-42.3671901978968,1.42962177171076,2.97099105403939,8.55866803785061
-44.4815050877102,1.36947297642043,3.0082211455614,8.76513136250609
-47.1898493710602,1.30883761390249,2.49796740342246,8.91328384816327
-45.3966890936354,1.24773722761252,2.72241502843588,8.8957730752518
-45.702531000238,1.18619352622682,2.58935483510812,8.879289867631
-51.2507452116594,1.12422837592947,2.5140808324812,9.34384397938557
-52.6281031599609,1.06186379264327,2.21308266515445,9.59431449677501
-54.887450777242,0.999121934207758,2.09456978613586,9.6784374088559
-54.2300838500487,0.936025092506455,1.84135299103024,9.7490163391836
-56.0128322397724,0.872595685546766,1.84503543026685,9.75346336230391
-62.1631797618997,0.808856249494982,1.66019304407489,10.459634167649
-65.4269879279604,0.744829430669217,1.39782172787237,10.7781737841365
-62.7344646925272,0.680537977493328,1.65371540443264,10.6021411801965
-67.4521484346223,0.616004732414485,1.41669547326455,11.0757960455174
-64.2227227830582,0.551252623787407,1.50506935152816,10.7054501126245
-65.6726345463638,0.48630465772794,1.48406318280808,10.7417687735434
-66.6036354107372,0.421183909939191,0.964408090628548,10.7484323377193
-65.8604523960919,0.355913517512758,1.0068367537939,10.7390928505894
-68.8978210940549,0.290516670708264,1.19421016073782,11.0756244500084
-72.5204747018364,0.225016604714009,1.36774863654344,11.582279769737
-76.9878712314195,0.159436591391543,1.15807783521606,11.9850319440199
-75.9402128846184,0.0937999310073312,1.14617439609093,11.9250193090501
-73.1810761145965,0.0281299439542597,1.18886307198498,11.714352754031
-70.1447630923036,-0.0375500375339424,1.11611096176253,11.0850474668064
-70.3332420639618,-0.103216677672608,1.27527638007047,11.3096308727676
-72.5473041396762,-0.168846645417186,1.64194930056155,11.5396834496863
-70.2201493822165,-0.234416622752619,1.97573549933502,11.1860045967032
-67.7847133458597,-0.299903312978203,1.52698438015176,11.0992592036965
-69.8878436995911,-0.365283448984698,1.31680605166406,11.1991508154574
-72.2136290347039,-0.43053380152111,1.25481676593489,11.2736614450613
-72.99475485541,-0.49563118744789,0.929029199370591,11.3435109165557
-71.6072220066527,-0.560552477973765,0.990937518923226,11.1622198614226
-68.1274525613926,-0.625274606873352,1.36311603671528,11.0658854425699
-73.1614262169443,-0.689774578682436,1.22150637491006,11.637846122673
-78.5788387267316,-0.754029476868169,1.30263156045762,12.2094319790723
-80.3256451755811,-0.818016471971159,1.09474165070299,12.2951897114676
-79.6945512314524,-0.88171282971674,1.34041301518284,12.3551675877419
-81.8855982762781,-0.945095919092314,0.980465683817323,12.1867123593027
-79.2135072244368,-1.00814322038801,0.960671837418953,12.2101531794964
-81.8815594992247,-1.0708323331979,1.07139773055069,12.3080110756889
-80.5656233968694,-1.1331409843787,1.36363472806785,12.5002773032862
-82.2399422853465,-1.19504703596333,1.29344622219853,12.7067367448192
-85.8661446258486,-1.25652849302643,1.01243645550612,13.0015012888571
-85.4695414279216,-1.31756351149908,0.824762820621469,12.6340965901012
-84.2414663151937,-1.37813040592983,1.00030815892957,12.540643689768
-82.2901522591548,-1.43820765718948,1.61059215666612,12.4536350233898
-85.0307050358548,-1.49777392011673,1.39502816843517,13.0438857361429
-86.9687103056021,-1.55680803110198,1.2869401015718,13.1473678268134
-89.9428057519965,-1.61528901560671,1.08884039290058,13.4111590331836
-89.1471441539019,-1.67319609561559,1.01867830958411,13.312426893233
-91.9608476702782,-1.73050869701881,0.893425376649639,13.4871689612969
-94.2280716463493,-1.787206456922,0.960542976631096,13.750144398534
-94.6805589679678,-1.84326923088105,1.48038240503935,14.3149966247119
-97.7670540945794,-1.89867710005931,1.45436849828295,14.6746137902085
-97.067044773302,-1.95341037830469,1.70085294021375,14.4260036767976
-96.9806813002398,-2.00744961914405,2.05440851361242,14.6858521269443
-92.4088859636608,-2.06077562269244,2.32877936336852,14.4413341638683
-89.5626324298977,-2.11336944247471,2.81911123765658,14.198128717668
-88.7997890093995,-2.16521239215713,2.93131180673781,14.2131997674374
-90.4325886932537,-2.21628605218653,2.538807780753,14.1863797061876
-85.1154219147258,-2.2665722763347,2.86175501207392,13.8764671237855
-86.0596256568295,-2.31605319814563,2.52025873740616,13.5658321374317
-82.5913840088211,-2.36471123728342,2.42712257022087,12.9677054997022
-83.4636740189699,-2.41252910577847,2.35370302288032,12.9088664050635
-82.9072370697275,-2.45948981416977,2.77280530628622,13.1074117471574
-81.1757510549038,-2.50557667754124,2.54873894531519,12.9839924596671
-82.0578221542584,-2.55077332144978,2.69161609795887,12.9938123667181
-84.8460256157904,-2.59506368774303,3.11509415040402,13.3228479843357
-81.8770705216494,-2.63843204026471,2.93638106650387,13.1257763484487
-82.726949166975,-2.6808629704457,2.74778000583498,13.0260309195484
-78.2072267958958,-2.72234140277854,2.7821252785295,12.3981700831025
-80.0761534530136,-2.76285260017371,2.71192318263171,12.5432473176864
-78.551180893033,-2.8023821691957,2.4710786048392,12.168790712524
-78.3403395619642,-2.84091606517684,2.59708297026087,12.2174584840182
-75.3756858631797,-2.87844059720737,2.72137007220151,11.9913099184549
-73.316965317246,-2.91494243299976,3.04380002621374,11.8424162292078
-74.4607806229912,-2.95040860362554,3.46007170097168,12.1183693361525
-72.5225356850066,-2.98482650812318,3.41109120127803,11.83905081087
-74.7700396565588,-3.01818391797509,3.64916444074166,12.0009182049653
-75.198629178516,-3.05046898145238,3.19036840266171,11.9587472333157
-76.5850435450722,-3.08167022782572,2.91721363375538,12.0610003958658
-75.1119077236264,-3.11177657144085,2.47059473236771,11.734551857033
-70.3584312749911,-3.14077731565725,2.33041453354323,11.0156524458237
-69.3712781634272,-3.16866215664857,2.58167985794915,10.8763180819149
-69.7502290175198,-3.19542118706359,2.88127266849905,11.0081497692393
-67.6990234802052,-3.22104489954623,3.16519464135716,11.0040720763128
-70.0973584294552,-3.24552419011344,3.70766348423921,11.7967022865756
-70.8447114494248,-3.26885036138985,3.57386771060436,11.622310224524
-70.8539453825563,-3.29101512569787,3.23483252755645,11.448059308686
-74.1072404015336,-3.31201060800229,2.4773326731755,11.4763431134885
-73.8066082982955,-3.33182934870822,2.54390145843818,11.6222346140184
-73.6362939009732,-3.35046430631145,2.65974413100889,11.6322098327461
-72.3649120313306,-3.36790885990028,2.71516851303226,11.1649627892303
-74.3651589850369,-3.38415681150788,2.5667787335267,11.4411951367937
-70.8033684336903,-3.39920238831442,2.99988533308167,11.4136685939369
-71.0235145630689,-3.41304024469809,2.69181598618318,11.2648442209864
-65.7270597190377,-3.42566546413442,3.46681893718242,10.795110802406
-66.2160732440632,-3.43707356094304,3.49801288260569,10.8114546990696
-70.2416887726529,-3.4472604818815,3.41374633861207,11.3024863891647
-70.1415261108055,-3.45622260758528,3.73107404811003,11.7632635730883
-71.0684758630651,-3.46395675385379,3.73361906719288,11.7483956619854
-69.4995035363585,-3.47046017278171,4.1178235255507,11.7306898983729
-72.0221227112496,-3.47573055373523,4.60756937182233,12.2053632365217
-68.9194744320303,-3.47976602417312,4.2175319290637,11.8424704724108
-67.340632210027,-3.48256515031194,4.44933348385827,11.4336596602501
-64.9218296120017,-3.48412693763549,4.52532051048267,11.5189524411202
-70.1981327597247,-3.48445083124819,4.85601882781773,11.9641799966229
-71.5915752278215,-3.48353671607216,4.33161395926223,12.292506188596
-72.1612244835927,-3.48138491688819,4.67195807235265,12.3763494063821
-69.1812866821104,-3.47799619822027,4.79242245652853,12.2821263900084
-66.3701669936001,-3.47337176406401,5.29808382659339,12.1957605916758
-67.3423777141325,-3.46751325745885,4.67260110548571,11.8124916087665
-64.7356147009476,-3.46042275990429,4.66704219188027,11.6585511012992
-66.8570020482236,-3.45210279062035,4.63881696179816,11.7633273640201
-71.1383637210753,-3.44255630565249,4.7039675097219,12.274058083387
-67.4885741146397,-3.43178669682137,5.46552534904245,12.3916438307241
-67.9882991253498,-3.41979779051773,5.58627014420373,12.2434444534691
-65.9661452426577,-3.40659384634289,6.07570339794962,12.299120527982
-67.5847608906509,-3.39217955559535,5.80998061902251,12.563938035076
-68.056962321258,-3.37656003960396,5.41402866149899,12.4107585755995
-71.2092980904502,-3.35974084790839,5.29850150672286,12.5027408661108
-70.7262968955299,-3.34172795628736,5.03966486739474,12.5078026643636
-72.7311070244641,-3.3225277646355,4.91089693030789,12.397161162237
-67.3466136355961,-3.30214709468947,5.07173462304185,12.0853072554965
-71.3670737486832,-3.28059318760426,5.06309995066623,12.3438865791579
-70.1033035753683,-3.25787370138042,4.77591697605707,12.1804601581561
-65.9595292110245,-3.23399670814323,5.19383192189726,12.0446950554944
-67.3537272002933,-3.2089706912747,4.9457651956863,11.9680942615008
-63.802702362848,-3.18280454239945,5.31968188088716,11.6790410202069
-63.0602167698919,-3.15550755822558,5.50090622304983,11.8417349238996
-63.3347221621461,-3.1270894372416,5.09930122000022,11.3520013703969
-61.4641965311264,-3.09756027627057,5.37183053764032,11.3498181452841
-59.7083337084679,-3.06693056688279,5.70941852306017,11.5326449127108
-60.6288142362268,-3.03521119166814,5.86098079270372,11.5700837755401
-64.1685364788381,-3.00241342036961,5.79447974237425,11.8280128163084
-63.0542412193011,-2.96854890587916,5.93332414976339,11.939991470212
-61.2087979594158,-2.93362968009756,6.41412909630627,12.2150183162601
-61.9411242213594,-2.89766814965943,6.63728145014801,12.1677541657246
-61.736794327315,-2.86067709152533,6.7239200690626,12.4748692629314
-63.3805958312824,-2.82266964844205,6.43318041612021,12.5393038263153
-66.3900349690506,-2.78365932427316,6.218311268077,12.4591966357263
-65.1766941394267,-2.74365997920108,5.95893488385258,12.5900510781469
-68.5470086094996,-2.70268582480265,5.9264210870641,12.7929945839335
-67.294866887936,-2.66075141899983,5.99080599421753,12.729143825137
-68.0139534529937,-2.61787166088731,6.13968728824352,12.8212891547149
-64.2512086813704,-2.57406178543898,6.37951768584947,12.427138966907
-64.2659718724128,-2.52933735809499,6.45724965276265,12.6651142079615
-61.3914431884849,-2.48371426923141,6.84669744217277,12.3793730567269
-63.1059872231386,-2.43720872851446,6.93942625009461,12.4562951298058
-66.8006142003422,-2.38983725914133,6.32672694249623,12.9150545671422
-73.4841904364764,-2.34161669196953,5.84298897539448,13.541910901897
-71.8365630581952,-2.29256415953695,6.07866986799357,13.6681442612078
-70.6029292451936,-2.24269708997479,6.38602944437433,13.9170691504136
-72.8972144942153,-2.19203320081544,6.32765994700497,13.9164694367046
-67.5902294127842,-2.14059049269746,6.84497309623772,13.4530928348097
-71.1066322925569,-2.08838724297011,6.42226772504144,13.661109836306
-72.7586149069792,-2.03544199919943,6.26399021483019,13.9397461539934
-72.6711221054992,-1.98177357257843,6.16791746932776,13.7141922597995
-71.933263109726,-1.92740103124354,5.98355136560299,13.6072162110106
-73.9177916223956,-1.8723436934998,5.84584240648595,13.4123284004359
-72.3864474855505,-1.81662112095713,5.61282622971502,13.5102407153462
-70.2893434512582,-1.76025311158026,5.85619089539292,13.2650193387139
-74.5166485305165,-1.70325969265449,5.84627220699858,13.7584805166026
-79.4736870568741,-1.64566111367019,5.22745121548254,14.2037324935107
-78.4887949385287,-1.58747783912822,5.39452060569668,14.3188897519425
-80.2455577152735,-1.52873054126897,5.50947612533311,14.2599611276298
-79.6215738046786,-1.46944009272764,5.98530641963315,14.4999900272309
-73.7060402478871,-1.40962755911826,6.05689506779308,14.2402444433361
-75.0723249041821,-1.34931419154925,5.87943936848149,14.052704245528
-77.3629969947681,-1.2885214190729,6.27544963263519,14.6241166041802
-79.4074077067973,-1.22727084107179,6.0428177671305,14.604810513349
-76.6757600805333,-1.16558421958465,5.89984254988381,14.4750355318655
-75.9086459479599,-1.10348347157435,5.74031653010384,14.5018580127267
-82.8770908250249,-1.04099066114097,5.53240197539357,14.886018795104
-80.1737580436554,-0.978127991682496,5.64068690398939,14.9295846853222
-78.9966111262412,-0.914917798006046,5.6729993417277,14.7710117440352
-84.2201521438953,-0.851382538392454,5.12215513424266,14.980593069986
-81.1750690600241,-0.787544786616917,5.2527592310757,14.795519487079
-83.9446499321567,-0.723427223928695,5.00477883957819,15.1496745930139
-86.165548122373,-0.659052630992483,5.00440935138359,15.7160157889337
-91.8023777662976,-0.594443879794648,4.86176299822932,16.0469958530587
-93.0163418713579,-0.529623925516837,4.93471545086086,16.2886026537995
-86.7470601431733,-0.464615798380144,5.07534651706416,15.787280260439
-90.4629356297565,-0.399442595462623,4.84711524478389,15.9240273377737
-92.2853837326716,-0.334127472492926,4.98374625988651,16.1588886006157
-91.7522794897518,-0.268693635623228,4.97041705982745,16.4041360165696
-96.7851635020072,-0.203164333184221,4.79427604268199,16.9254351509477
-97.8413675856463,-0.137562847425013,4.77491540799718,17.1062131689999
-92.7570038924181,-0.071912486241149,5.05399165535542,16.8737759069695
-93.4824252940815,-0.00623657489334315,5.30365853641796,16.7052925216344
-90.2825321489061,0.0594415522798261,5.12634715978943,16.3306909182531
-89.0512753519852,0.125098560152521,4.99561816269638,15.7654135233346
-82.0885267052356,0.190711121102452,5.25084611040435,15.3561237630937
-81.7116972350371,0.25625592329915,5.19094030183804,15.3425244829265
-81.1607972061227,0.321709678986504,5.55379010907595,15.2949268718736
-82.9029004969428,0.387049132756761,5.16232745453337,15.2730876096237
-81.9005880446645,0.452251069813142,5.31265733961743,15.3967374036928
-81.6215707804749,0.517292324217852,5.39973775147804,15.2929363066743
-77.8213168452355,0.582149787122917,5.64274342869517,15.0479137726674
-79.3544498272986,0.646800414980591,5.7840234710216,15.0906408358961
-81.5527170359798,0.71122123773064,6.03351438498879,15.5498780331347
-83.8936205911007,0.775389366961499,5.81046896464471,15.7176404522665
-83.4293686695942,0.839282004042372,6.25540591712839,16.1731394505508
-81.997296468895,0.902876448223562,6.32908447543217,16.0091833126675
-78.6453601226555,0.966150104701838,6.58705915121031,15.7282271842586
-80.402497925274,1.02908049264835,6.378254852909,15.9260040714498
-77.8684457911931,1.09164525319593,6.74612997507256,15.8073079668131
-78.2816391784822,1.15382215738303,6.7421211419438,15.7226341533469
-77.7859721206206,1.21558911405167,6.29764134727822,15.5226948663365
-76.8593085958961,1.27692417769626,6.30293393813768,15.3850876834935
-80.3182565247351,1.33780555626076,5.98482283189189,15.6731880935045
-82.0975524731158,1.39821161888122,5.50369385062542,15.8198889761861
-82.8054990110071,1.45812090357125,5.50495137377767,15.9065962393836
-84.7720752301956,1.51751212484725,5.64243764216297,16.2135245855688
-88.8301291081376,1.5763641812911,5.0394335346677,16.0015159797828
-87.2116507936823,1.6346561630474,5.50167708562469,16.380007890589
-87.4090303536422,1.69236735925256,5.70503092123497,16.5783367072172
-83.7733315050216,1.74947726539339,5.85128770508051,16.4018808976845
-86.5877254091666,1.80596559059217,5.89812457546096,16.7267819299938
-80.969058143094,1.86181226481593,6.56373282589531,16.3647671085015
-83.0064910611689,1.91699744600723,6.51068304970386,16.5153669310667
-79.8928723884284,1.97150152713399,6.51865808300932,16.374624931884
-81.1624660182291,2.02530514315569,6.50862700931817,16.5085661047788
-83.3310678291424,2.07838917790375,6.5057232186007,16.5954922036008
-81.5591345767689,2.1307347708734,6.45378856265657,16.4814800187506
-84.218748689038,2.18232332392471,6.51071372734457,16.7875592945149
-88.4485630935039,2.23313650789041,6.11180444693814,17.0150822423435
-86.8776840577242,2.2831562690882,6.07461659361184,16.8473148810732
-89.0474382841264,2.33236483573511,6.13286415945197,17.2207737225528
-86.7122896854194,2.38074472426171,5.66854240796856,16.8041801798925
-89.8971261453104,2.42827874552398,5.73187281110336,17.1941998009779
-93.9647221571531,2.47495001091049,5.60791867094074,17.4375818493395
-93.5637292675202,2.5207419383429,5.81552993127915,17.8599087897638
-95.2589834469833,2.56563825816742,5.27171332547212,17.8054669433411
-94.6103802854784,2.60962301893541,5.45319128903211,17.8329672773873
-94.5423152393918,2.65268059307079,5.27011478246468,17.6951357150021
-94.0748849209735,2.69479568242251,5.12947433416318,17.7936166966035
-100.553507307617,2.73595332369986,5.12544687130802,18.3722120233273
-96.8154115253772,2.77613889378886,5.18794863387664,17.9132685903744
-97.3575981915079,2.81533811494781,5.10192956312547,17.9402290567952
-97.5623677694385,2.85353705988008,4.60038693223803,17.873696224835
-97.1875927792013,2.89072215668242,4.84840899806172,17.8152402838463
-97.0673120568484,2.92688019366701,4.34549014926583,17.7738770657382
-99.2781465587665,2.96199832405548,4.29887199632312,18.0585775941333
-98.5689017649502,2.99606407054333,4.20496285591949,17.7669667814463
-97.5428509145074,3.02906532973301,4.23787947005693,17.8354070343345
-97.5764715790226,3.0609903764343,4.08252339163777,17.7453460875663
-97.8020851484215,3.0918278678301,4.03830401454011,17.6307666261332
-98.6900018579728,3.12156684750656,3.89288051655379,17.6913580262802
-97.3548746816172,3.15019674934582,3.77961440100588,17.627505408928
-94.9173686534731,3.17770740128007,3.30267391634378,17.1470717245259
-97.6374508067834,3.20408902890567,3.33759363294506,17.2597699838564
-92.7472350227287,3.22933225895595,3.4521982840555,16.4472981186036
-92.5381063231622,3.25342812263148,3.19664072509448,16.1646381680625
-89.5225778079304,3.27636805878661,3.55086748101968,16.142879445131
-87.4763013130049,3.29814391697126,3.45822603818406,15.776529119681
-83.7297220495446,3.31874796032672,3.97975380795992,15.6482696253423
-86.2149789171046,3.33817286833448,3.64474625918999,15.7173717428226
-88.6430907749686,3.35641173941723,2.93677938374109,15.6116580900905
-87.3109416173918,3.37345809339092,2.63010628603117,15.3685097391817
-89.5991041672196,3.38930587376714,2.11405108626666,15.3861052460591
-89.1622535046872,3.40394944990499,2.22330019103079,15.2692128396708
-86.9499241901584,3.4173836190116,2.57149990208354,15.4287441499663
-86.9780128323112,3.42960360799065,2.46459110981605,15.2547389632509
-87.236940958723,3.44060507513824,2.42096099057991,15.2021821782015
-87.6615853637524,3.45038411168549,2.32243094250491,15.1497347368525
-84.5935416900134,3.45893724318726,2.63709010603301,14.9695570669832
-82.4038480309745,3.46626143075666,3.1717016237529,14.9916241516302
-79.4826684902659,3.47235407214473,2.83422775732043,14.365142081837
-79.257276213369,3.477213002665,3.186332391261,14.4522727269025
-80.8366737098129,3.48083649596257,3.15449957453921,14.8553199542795
-83.6626459324647,3.48322326462754,3.18204720297425,15.0993481134282
-83.7590242362501,3.48437246065237,3.76863804100299,15.4461071893788
-83.7679369384641,3.48428367573318,3.48076463412924,15.4029187562783
-79.6186571999419,3.48295694141483,3.61717926374928,14.9011705154951
-79.1306836560505,3.48039272907971,3.38521250712026,14.8816621270103
-83.4596806481046,3.47659194978024,3.12140955764636,15.1199838435082
-82.6261621529565,3.47155595391522,2.96663569491848,14.9053188811602
-87.4239597440192,3.46528653075,3.14069821628683,15.702664187219
-85.3548435428596,3.45778590778077,3.44816970659229,15.7712806197859
-82.8106691998457,3.44905674994317,3.80140695517938,15.3379890613545
-81.8183526764473,3.4391021586654,3.33924219044683,15.1448164133893
-79.5090641901424,3.42792567076635,3.29330058589546,14.7880717909662
-81.7513550736262,3.41553125719894,3.97986479053251,15.0430716828181
-79.0558947691938,3.40192332163931,3.93417439967591,14.8524798665991
-79.155628807458,3.38710669892216,3.67113152701848,14.9450873421751
-75.2883679411007,3.371086653323,3.396907825754,14.3885855433291
-75.7664814832522,3.35386887668773,3.62328958119146,14.2437757870866
-72.2773789477701,3.33545948641041,3.94978817413728,14.0937305118641
-69.4903037205617,3.31586502325976,3.75061579865391,13.6241614777987
-69.9390387703148,3.29509244905523,3.93649119410323,13.7373012054767
-74.5039075512631,3.27314914419353,3.64355617759973,14.0943502542659
-75.7761864668878,3.25004290502637,4.17297207365818,14.636193958285
-76.5095535215811,3.22578194109052,4.36494922084144,14.7479969429181
-80.0837681197331,3.20037487219094,4.53147033540946,15.1878164636267
-77.8359128282443,3.17383072533824,4.57845169586915,14.8948058098999
-73.2767198701335,3.1461589315414,4.76890382076058,14.3750909515254
-72.1235312712476,3.11736932245698,4.19882453385334,14.3537829120323
-72.9596324723888,3.08747212689602,4.38233705013379,14.2266040416853
-73.1318602987011,3.05647796718973,4.25241767893777,14.3303344963469
-78.0573574062424,3.02439785541549,3.74031161756735,14.6631395848341
-78.9113801795239,2.99124318948424,3.94021975493689,14.7898102132128
-72.2286511663118,2.95702574909092,3.96846541641008,13.843520920487
-73.0678456789278,2.92175769152918,3.65186065995368,13.8789151058528
-75.3395436954963,2.88545154737193,3.55838777586016,14.0662331709753
-74.7712771583027,2.84812021601932,3.84737152110862,14.0835302301259
-79.6824239255197,2.80977696111562,3.75836572629075,14.6656573038177
-80.7478872002218,2.77043540583672,3.62519635879587,14.7014228326705
-84.1988600688499,2.73010952804988,3.20221147459929,15.2562662837266
-87.3759737007411,2.68881365534747,3.05184865741789,15.4820352560254
-89.0906261242044,2.64656245995641,3.14390281957007,15.7295114986048
-88.3444054452554,2.60337095352524,3.04460635940815,15.7762260442629
-94.7014989864738,2.55925448179055,2.86071281617603,16.1787575930812
-93.6357995234603,2.51422871912467,2.68373633186246,16.1407740681875
-90.9789140117844,2.46830966296669,2.97357281492153,15.9336217757649
-91.165933456368,2.4215136281386,2.99596075549446,15.6843516150101
-89.6236261356427,2.37385724104875,3.2076380700649,15.8477871773089
-90.9846589664671,2.32535743378456,3.04203014277509,15.9947906951952
-88.4713951103195,2.27603143809661,3.62175498627041,15.6868297712237
-87.1956262272056,2.2258967792763,4.0812609701093,15.8716583753971
-91.1220686846715,2.17497126992918,4.02165031725096,16.2776092110558
-92.0750535297292,2.12327300364623,4.49329266445591,16.6574230148991
-89.7041902647152,2.07082034857531,4.73207131961639,16.5473220760033
-88.8040069842287,2.017631940895,4.40565955448303,16.2681256887212
-90.2741429496763,1.96372667819328,3.58021447665087,15.9234618016119
-90.816536062229,1.90912371275331,3.34831026325304,16.1778419847196
-93.9248275941845,1.85384244474871,3.17363125710468,16.1498406744696
-91.6778765436816,1.79790251535079,3.26662506936117,16.1310450264855
-94.8706353273216,1.74132379975008,2.82260475636547,15.8700469132216
-92.0429403469102,1.68412640009485,3.07394253140499,15.9938720401625
-95.0343697023729,1.62633063834884,2.90572142250168,16.0060625540298
-95.3358004883422,1.56795704907097,2.93762912773015,16.1064421292752
-93.54119146266,1.50902637211959,3.15648919299736,16.0891073803709
-91.3008479217911,1.4495595452836,3.50701903848242,16.0008951526839
-93.5933652451246,1.38957769684342,3.6344240788888,16.3332919736639
-94.0245224343259,1.32910213806418,3.33880253920294,16.2759457322846
-94.0668466947386,1.26815435562397,3.63987737378835,16.311299362451
-93.1030872529683,1.20675600397968,3.58331801835294,16.0794183098403
-96.0413422785683,1.14492889767328,3.42953072018245,16.4532322789802
-98.1607215388104,1.08269500358126,3.54315552779317,16.6686277115548
-94.7772203294694,1.02007643310983,3.52462688361829,16.3530872125035
-97.1028563412293,0.957095434338945,3.23738972170018,16.3670615059101
-93.33824729603,0.893774384117562,3.59178191110842,15.8986745976491
-91.4467972465934,0.830135780113314,3.57680835331935,15.8094148128755
-90.4397239445263,0.766202232819169,3.6599694385912,15.5998252142753
-89.1723901013844,0.701996457520066,3.14399408875604,15.4192254863725
-88.4972979206619,0.637541266222257,3.00035570873487,14.9067887096998
-86.7985642405838,0.572859559548287,2.93315869019131,14.7599809139187
-84.9324358276652,0.507974318600549,2.83230106859787,14.5081560014283
-82.541501935479,0.442908596796191,3.66504564045479,14.1488841064426
-84.0926852780108,0.377685511676341,3.47738199353479,14.4169004668489
-78.9766750964896,0.312328236692598,3.96202486751703,14.1079674612554
-73.5129805627973,0.246859992973547,4.8879947295422,13.9360512841361
-73.2607155744513,0.181304041074432,4.92155899518226,13.8059613028523
-76.6247834772579,0.115683672712837,4.63736160648362,13.8311609614894
-77.0541672599255,0.0500222024931563,4.16804086391496,13.8953235143904
-74.6147531220518,-0.0156570403768714,4.27042579030803,13.7326596206904
-77.632804725339,-0.0813307203750061,3.97814405758062,13.5482966948628
-77.9761394127826,-0.146975503955457,4.40501334596512,13.7758674982328
-76.0433876830391,-0.212568067839207,4.18294512134366,13.5851222597043
-74.5627497933133,-0.278085107300609,4.12349669847702,13.6324193493672
-76.8720026842465,-0.343503344447534,4.0737240817353,13.7683322704129
-78.8982512682876,-0.408799536491797,3.98883446664481,14.0621200822057
-80.2635347447293,-0.473950484007291,4.2292419190042,14.3014031216735
-81.2565277199028,-0.5389330391726,4.38743307651289,14.448752234337
-83.8800248551131,-0.603724113995273,4.30110186635395,14.7220783536799
-87.1489598722915,-0.668300688514947,3.88397141050801,14.8825868000098
-89.4165627330235,-0.732639818982185,3.80381462065505,15.1345033441935
-91.1985454978796,-0.796718646010288,4.20195823311188,15.2921391748342
-91.1914488507436,-0.860514402697159,4.08695370829173,15.304453163963
-90.8066615708616,-0.924004422714167,3.69434910444988,15.3809840780893
-88.2296690961156,-0.987166148359542,3.84338366058729,15.0819007938786
-90.5346034819439,-1.04997713857291,3.92565092474916,15.2065483586405
-90.2550408426477,-1.11241507690855,3.58584045287159,14.9847022621081
-89.6903859450542,-1.17445777946425,4.10050339016897,15.1867603737815
-88.3378672374322,-1.23608320276322,4.19542875334629,15.145485125307
-90.9981508964525,-1.297269451586,4.286948040217,15.3610232814502
-93.0777923054045,-1.35799478674974,4.2124635208146,15.5206671303503
-95.2099600218742,-1.41823763283202,3.8084746673426,15.761640926314
-96.899416692009,-1.47797658583644,3.9167288992258,15.9916118717142
-95.0739664435368,-1.53719042079748,4.20877061007467,16.0505493117182
-92.2974795082645,-1.59585809932151,4.04501619368753,15.4333653100624
-90.2549296537289,-1.65395877706173,4.39694175814243,15.6180600631614
-92.1368326593289,-1.71147181112398,4.75843553332176,15.8261277330336
-92.9172382257177,-1.76837676740111,4.48468271333326,15.92340771601
-90.0148177327768,-1.82465342783311,4.60175535363874,15.4003972408419
-90.9597317106663,-1.88028179759052,4.33443542081967,15.3181234767212
-91.3691005856044,-1.93524211217842,4.46220492570431,15.2591809927885
-88.3448387416973,-1.98951484445875,4.53193855775962,15.1364961255566
-87.83068721176,-2.04308071158815,5.09875552959555,15.2460410668442
-85.0389672641047,-2.09592068186909,5.4484575838886,15.1117985016837
-87.615829733785,-2.14801598151174,5.26859201025556,15.4258046974557
-82.8616314580272,-2.19934810130419,5.58414662038652,14.9923186614188
-81.7313658368338,-2.2498988031887,5.67296940819553,14.6959419287495
-83.6435886104843,-2.29965012674161,5.31510417033048,14.5145799410858
-84.5327577319332,-2.34858439555453,5.32705637930842,14.687913900087
-83.7038846610179,-2.39668422351477,5.11811830234848,14.5424678729468
-81.5543990609011,-2.4439325209825,5.24773858530954,14.3840074449359
-82.2875535108856,-2.49031250086258,5.25470444021271,14.4123950632744
-79.9100001844612,-2.53580768456903,4.94032193795456,14.053422822811
-79.9660457045762,-2.5804019078797,5.18185915094427,14.2464207670256
-83.4490636730069,-2.62407932667939,5.37999526929551,14.7275235642909
-83.2785894376245,-2.66682442258918,5.40746916399805,14.6202675724914
-80.9100194503873,-2.70862200848002,5.73566998149775,14.3387564024469
-79.9574995761856,-2.74945723386867,5.46329154116775,14.2792438357265
-84.4621236742722,-2.78931559019399,5.28339946536571,14.5175784262662
-85.1096189561269,-2.82818291597176,5.33513448986129,14.9247995895777
-83.6010153047479,-2.86604540182623,5.33565114318712,14.665435343364
-83.1191948483902,-2.90288959539643,5.48206742080967,14.5475259291678
-83.6402995868195,-2.93870240611584,5.44642009187308,14.663865581371
-81.6526934870238,-2.97347110986334,5.77186967405153,14.5160772734304
-80.8510752209966,-3.00718335348404,6.3644478895876,14.6936135339927
-79.4838396943618,-3.03982715917831,6.55493153630329,14.6925962897797
-78.6248551696954,-3.07139092875741,6.57617526097616,14.6569048650106
-79.5805516481222,-3.10186344776431,7.04515460011465,14.9202244178732
-80.512436204168,-3.13123388945812,6.8010146898511,14.8722758701466
-79.1286860486028,-3.15949181866074,7.28648720694828,14.9730197669032
-78.8063313809334,-3.18662719546448,7.49646257869931,15.0117042516255
-77.6966184148887,-3.21263037879917,8.11164034593608,15.3285640697196
-81.0840152696093,-3.2374921298576,7.77848421508922,15.6428681975946
-83.1057995342465,-3.26120361537799,7.83302115154348,15.9854772218986
-89.2085973224849,-3.28375641078244,8.08414485029856,16.722965726743
-78.4680582586954,-3.30514250317013,8.65100740787571,15.7802751415096
-80.9283317787233,-3.32535429416428,8.16543535340188,15.6589406434707
